,A,B,C,D
2000-01-01,0.09881687467638016,2.305352400533745,0.27088651763895855,1.423471011660347
2000-01-02,-0.4808326884961904,2.1292999497739595,0.6211465834907569,3.1650745264363778
2000-01-03,-1.4045129467410593,0.89024651467279,0.3273424367347203,2.740807174557058
2000-01-04,-2.5189577709023414,1.823943859301719,-0.5465452004562259,2.9556493071691525
2000-01-05,-0.6257797833416727,2.164704654450023,0.7463306028200807,3.499536957395547
2000-01-06,-0.8763738089791824,1.7809467125239753,1.2100910950802273,5.0357755678188685
2000-01-07,-1.756843663256666,2.8841189172167105,0.20802038920123733,4.620354908394197
2000-01-08,-2.392300609223552,3.5131070236252095,1.004574038417681,2.8608633352626707
2000-01-09,-1.727279927677659,3.8071213617599247,-1.614120309689274,3.5762633829044104
2000-01-10,-0.5270863786461688,4.050077321072099,-2.1160750291313666,3.62201242660506
2000-01-11,0.6837712717994651,4.119278890889086,-2.5399297338405797,3.465226840780606
2000-01-12,0.949344982320199,2.5500896200441754,-2.7453293938998433,4.953753345548983
2000-01-13,2.4214449343294238,2.5506816122588276,-1.9615311515702136,3.8837594303542597
2000-01-14,3.873396526606358,2.322105372769501,-1.987902873658298,4.987143706641884
2000-01-15,4.382681657285232,1.1395406532786758,-1.908379163966812,6.340522533508725
2000-01-16,4.589233981053243,0.8315309193574646,-2.2396522092527937,9.491216707928062
2000-01-17,3.335773105347273,1.4887614555078628,-1.9285026476169862,10.22142074818794
2000-01-18,4.332471132130929,0.5531493952811841,-2.8978293321190933,11.699656827088184
2000-01-19,3.4365465139523743,2.665631029655608,-3.735105831473716,12.170631344871175
2000-01-20,3.751851004592986,1.8207174021464234,-3.565368852304542,11.03606367113199
2000-01-21,3.9679991597872517,1.947277218987571,-3.0009614800597193,10.854398891228538
2000-01-22,5.002731216930486,2.372306536601653,-4.6012525549825405,10.170889530573108
2000-01-23,4.594611537581833,3.1703120156106483,-5.336966693975866,8.17094727722816
2000-01-24,3.3365402341865003,3.5529730441307295,-5.287810893251389,8.159570773453504
2000-01-25,2.5337241353347686,4.250501352819867,-3.9073308978850654,8.844117486120828
2000-01-26,2.891746440097506,4.940184937838783,-4.916324931320068,7.755725380085925
2000-01-27,3.129735894863335,3.9282332089486545,-3.67855200973974,7.458740604645337
2000-01-28,3.9669413850255886,2.440059950354162,-2.9279024829435234,8.302793341112013
2000-01-29,3.273263727154178,3.0784422728887795,-3.636474933483144,8.64443234368603
2000-01-30,2.9042541307793646,2.2643614685600464,-3.456801277971948,6.255575167838748
2000-01-31,3.4233236674044285,-0.391590162271386,-3.5282435141734907,6.057869862458463
2000-02-01,4.383028419982772,-0.052446953931386986,-3.964600804419523,5.658299175658845
2000-02-02,3.4295413152030196,-1.1419319393444376,-4.075076676983245,5.226525803290607
2000-02-03,3.614528640367927,0.3866496683188614,-3.510370894392919,5.769269429057614
2000-02-04,4.263917490990434,-0.6006386373619547,-5.359977354555984,4.438411209126727
2000-02-05,3.936249809525996,-0.16355649174610337,-5.476236046852796,6.7634671426318755
2000-02-06,2.971648190938243,1.9735796061454602,-5.138168523606941,6.832947540225503
2000-02-07,2.5659272604259975,1.3260931641814615,-6.479090890618579,5.327079336544637
2000-02-08,2.4894206127279594,1.113298446658565,-5.623493742040359,5.404346019967001
2000-02-09,1.6716504673789938,2.886349064468317,-5.691561738061965,3.7908156862083193
2000-02-10,1.9166890515124755,1.6318174213420427,-5.408998500481073,1.3392725575191289
2000-02-11,3.8713914647732848,0.9462278144255056,-7.774267992978086,0.4334959474290896
2000-02-12,3.530833944319064,-0.5440922065111842,-6.092997521029824,-0.3782342299226581
2000-02-13,3.644398267009881,-1.2767291583575595,-5.845947394810501,-0.2181904402533743
2000-02-14,2.9541689839432683,-1.7282375264616134,-6.268508819139309,-1.9080008406271507
2000-02-15,3.493650885336866,0.2094756856205302,-7.772388255641017,-2.0258490523717705
2000-02-16,3.376292628078846,-0.4927136201746559,-8.318562625217702,-2.5869711659065193
2000-02-17,1.8902528292772665,0.5158485749583498,-8.133823798171992,-2.7817391740535986
2000-02-18,2.6701620778912716,-1.3510103039612833,-9.485021783840482,-2.3642047149012884
2000-02-19,3.0584351556338882,-1.3644048309789534,-9.622658924949858,-1.9930268344038506
2000-02-20,3.565844312637154,-0.6155977298250851,-9.561336567530116,-0.677256759350356
2000-02-21,5.386084658743514,-0.04041806720858454,-10.118772278293056,-1.2503074576413535
2000-02-22,5.1261646221024915,-0.2901601786383574,-9.871705876002787,-1.109000053523899
2000-02-23,5.52975925517898,-1.3071759980132434,-9.108824328220853,-0.10803776830004175
2000-02-24,5.927107904424341,-0.6709269726399704,-10.375242712813435,1.2743505291981456
2000-02-25,6.271410153161968,0.5555413556357388,-10.027732031245733,1.957114473300989
2000-02-26,6.557218990324982,0.03289730833601556,-9.211889942725747,0.9976923158623872
2000-02-27,4.250491030086118,0.9136830620309154,-9.907668725361154,1.4349661536887137
2000-02-28,2.51577371130541,3.7634969606118505,-8.626094422258992,2.728236139935677
2000-02-29,2.600926946554658,3.6648121555955773,-9.899601592624958,1.133787017015621
2000-03-01,2.0483498576339487,2.672078574087047,-9.998116041819314,-0.03293932456193227
2000-03-02,2.4079971361370482,2.220905663823978,-9.210968751048654,0.24251948983514204
2000-03-03,0.3847263795531908,3.0018038680656587,-11.69954149052395,-2.1253004401224453
2000-03-04,0.27542863935036577,1.9607640304816563,-11.816347514242882,-2.30445499297624
2000-03-05,-0.4039673386641932,3.6064442990285075,-12.049927934838559,-2.9337521804634656
2000-03-06,0.6096213874427049,2.755887680816159,-12.12936466786728,-2.1358661899346645
2000-03-07,2.0869155797949737,2.165142114204071,-11.151306199913995,-2.3140017190508106
2000-03-08,2.3485177503871038,1.2753430707969295,-11.31986383380849,-3.4375596297005693
2000-03-09,3.216564512866209,0.8416317638141118,-12.461129004553362,-2.4152561530670846
2000-03-10,4.636797851253102,1.6419105753034229,-11.333172142606346,-0.8441690101527082
2000-03-11,5.347986777482765,4.409594577878211,-11.322910992733156,-2.6415467774409622
2000-03-12,5.742971437398446,6.213884491050108,-13.320674108417984,-3.630369299631903
2000-03-13,5.0544036790371685,7.088138015409742,-14.199856189609704,-4.3955185783054915
2000-03-14,4.205391320387517,7.302481139207966,-14.914256435279313,-3.2150371278089818
2000-03-15,2.275423530188659,9.817064568820058,-14.362928401402165,-3.531194782257182
2000-03-16,2.496723500638884,12.233659528227028,-14.902559622025324,-2.919041347538878
2000-03-17,3.2106747514829035,13.033683867450465,-14.645981158754372,-2.9097172957416615
2000-03-18,4.77706907768282,12.606699848102426,-14.895474240098128,-2.9639482114673585
2000-03-19,5.156910205118942,12.77978264553136,-16.046929373561614,-2.315767344801398
2000-03-20,5.839532596731984,12.630899656517235,-15.90293240539624,-2.6244210448911267
2000-03-21,7.072849892275054,11.631100775293847,-16.30610345100984,-2.0356244884759183
2000-03-22,7.784741632691945,11.00701744701662,-17.361022886972364,-1.614904874401914
2000-03-23,10.708053681799601,12.54375863978841,-19.912673983094365,-1.3415707722438375
2000-03-24,9.678047940494608,11.248340032425657,-21.939640127242612,-1.0536538345457562
2000-03-25,9.296821993551568,11.436425665489583,-23.12543874697324,-1.5708273111856745
2000-03-26,9.592858456381952,10.752590183127959,-22.93856396264444,-0.6537317257648588
2000-03-27,9.630883345998,11.775482317059554,-23.954043146353943,-1.143417523970955
2000-03-28,10.955337716012755,10.959227170028782,-22.479523440158708,-0.48622031025969936
2000-03-29,9.137686302818326,10.408092056840463,-23.45796884185292,-1.1563214919856222
2000-03-30,8.543454646984774,10.621582654990426,-22.91657055574193,-2.6720547063398694
2000-03-31,9.748717733836484,10.639557332420203,-22.45584307998437,-2.2763712805035103
2000-04-01,8.112613388342265,9.580216663627237,-23.71924131824888,-3.31267655059818
2000-04-02,8.372615302894333,9.923286819322007,-24.924451036808158,-2.5110718591139953
2000-04-03,9.19568911006027,9.407101212759,-24.573249106537236,-2.724317067530025
2000-04-04,8.7680249990345,9.866844785739733,-22.91515931130867,-3.5989839085664297
2000-04-05,7.695406389006218,10.928505123272327,-22.30488334277578,-6.949722635811215
2000-04-06,8.447968842366409,10.290649537641466,-21.91068928901385,-6.098994265433463
2000-04-07,7.695462679043536,10.777615986133759,-20.920875385338913,-6.421908817639311
2000-04-08,8.12186777271913,10.369585420466075,-20.233984546312396,-6.716472283955599
2000-04-09,7.290937804272449,9.91060725461535,-20.102769510706995,-6.318128136683538
2000-04-10,5.885052623084878,9.715513394686676,-21.356505755768474,-6.676589873084236
2000-04-11,6.433923703435757,9.595291838743673,-22.5159663461627,-5.624190787188194
2000-04-12,5.485423760916721,10.007616380068814,-24.676125929220213,-7.45907880236988
2000-04-13,4.416519095752436,8.139715550480696,-27.10386644870121,-7.675266302342864
2000-04-14,3.5208489814462465,8.188197093679465,-25.46794456106779,-7.750758255019717
2000-04-15,2.1115212611934533,8.030829166421938,-27.99119913142286,-7.981074646888006
2000-04-16,1.2657335368413412,6.712196146098104,-29.19934762522092,-7.591213267897769
2000-04-17,0.666677973351615,5.889425888351888,-29.87670245702637,-7.207574048060918
2000-04-18,0.9374366290677065,6.57919916767806,-28.678814385484525,-6.537574270711471
2000-04-19,0.5441761825644126,5.5290241741751345,-30.274002577754917,-6.706405443097991
2000-04-20,-0.34006225888882224,5.291202555531593,-30.678784183795447,-7.642861821340662
2000-04-21,1.7590354842692026,4.312258723818326,-30.39939244932455,-6.552846227328712
2000-04-22,1.4383799764132463,3.66481686159849,-32.46321287087741,-6.653229057111096
2000-04-23,1.0796129883289645,2.297215116034427,-32.31128036357962,-7.781124172685696
2000-04-24,1.1241081996169007,3.2045813011914395,-32.75863176884465,-8.22333066223457
2000-04-25,1.3066423937549632,2.854607223762687,-30.948803350093353,-7.665874740435291
2000-04-26,0.8780869639441493,4.389281280043872,-31.787556222000077,-8.329934919776107
2000-04-27,-1.022900866225287,3.689147190459137,-32.6646687445578,-7.409161253733448
2000-04-28,0.03551902533839035,3.6168224344946354,-31.517294039145504,-7.781522792167385
2000-04-29,0.7095460047531645,1.7302872066374946,-31.711538143534217,-7.029715725336366
2000-04-30,2.661701616107486,3.814307833589841,-31.549822867112855,-6.724232311044421
2000-05-01,1.7889772482193365,5.012392758269387,-33.54914811225921,-7.115693921046625
2000-05-02,1.967629488744978,4.728458936656701,-34.67438376929445,-7.671816220019524
2000-05-03,0.2765654120130496,4.149584246699869,-35.07481520200145,-7.991650992973357
2000-05-04,-0.9050862988936053,3.197263448878686,-36.28821768008744,-6.41202888048549
2000-05-05,-0.355405081869685,3.773395737144775,-36.056765122725814,-7.007011994726816
2000-05-06,-2.1256180650934375,3.1967872106107693,-35.05917263726834,-7.498955210040433
2000-05-07,-1.3201289200712738,2.4166361951225044,-35.2367458393613,-8.3265282986231
2000-05-08,-3.033205871934455,0.5223195248946872,-35.277692070831854,-7.893537925657681
2000-05-09,-3.6279171980484946,1.2394561246283704,-36.050362872128424,-7.1117379656957675
2000-05-10,-2.4435527330759035,2.4032381014044617,-37.31815748424798,-5.825090138363938
2000-05-11,-1.9850225780843613,2.5761046827906577,-38.29121361167859,-5.654652071805056
2000-05-12,-1.5922995969564684,2.0881586191342625,-37.074151232694085,-4.900669469750639
2000-05-13,-3.2740288960022377,3.065781194290234,-35.416802071639836,-3.440349896988887
2000-05-14,-2.3585307752525693,1.509074852622089,-34.9754086848618,-3.355813828054753
2000-05-15,-2.538328515075543,2.4880739489561687,-34.41237058685685,-3.0660072891124384
2000-05-16,-0.001967992234768623,2.217622192451237,-34.18950394311407,-3.511103747460956
2000-05-17,2.0157876159781436,1.8801881545727568,-35.11124958127873,-3.620538478955954
2000-05-18,3.7529710134644705,4.019487067931486,-33.71931737734973,-2.2805804024292433
2000-05-19,2.523207707456663,3.5161761430261307,-32.002860468246816,-2.606045953611166
2000-05-20,2.9269399936763163,4.824893434755079,-31.686873883009355,-2.9215167506222017
2000-05-21,2.923229977329392,3.3279429137478633,-30.85476544459995,-1.5210622534683613
2000-05-22,3.491919077481489,3.3566805891957023,-30.580059414948195,-2.628754863131588
2000-05-23,3.4169396016671985,3.331470767049845,-30.76308607679818,-1.4935290917297834
2000-05-24,4.914751338031379,2.3203954784538365,-30.816186710498854,-1.0177911861655593
2000-05-25,5.371503778246678,3.2483620143676317,-30.089528896232398,0.30668058843264534
2000-05-26,4.703751096384157,3.5842074628315532,-29.264376774132554,0.2669580986086269
2000-05-27,4.522607585018774,0.7449677326764559,-28.69288927262218,2.0457621465059197
2000-05-28,4.044639207848906,2.5094324220556707,-29.04372222561135,0.27143203410783046
2000-05-29,3.210821799929013,2.9291468695621736,-28.84518214595889,0.899509075604004
2000-05-30,2.951399502998059,2.7103216418274014,-28.62337613751415,0.19645022133866497
2000-05-31,3.13229751887995,2.6933920959469155,-28.774048049620145,0.734404046583969
2000-06-01,2.8741731747218346,3.031704824393666,-29.86217148417178,0.46640402247864043
2000-06-02,3.5730864445456625,3.279878164413027,-30.33024142727148,1.1299065690403984
2000-06-03,3.0833945974439683,3.392380401739417,-30.784490784060207,1.445687361282496
2000-06-04,3.9596663323314805,2.7448742559722756,-31.61197091087502,1.3355310087443688
2000-06-05,5.53131278907235,1.237083477241799,-31.647743295418216,0.5690056079094605
2000-06-06,4.845782345192617,-1.2188361007761535,-31.978577484918674,1.2284901196352154
2000-06-07,5.254443646629215,-0.2605113652660366,-31.874076546992878,2.026535912562985
2000-06-08,3.31933806544461,2.178073358974865,-33.93215196433522,2.1225272845419836
2000-06-09,3.515649374636641,2.18004575796886,-32.450808311924035,2.3374271701782354
2000-06-10,3.4224545289332795,2.0551928341725887,-32.25713471112493,2.112715756018135
2000-06-11,3.055140853032826,1.6649242621693903,-33.87267413940496,1.7769584868835424
2000-06-12,3.6111092310203396,0.4250776842296691,-35.801421606376536,1.9181726526271792
2000-06-13,3.10970966706856,0.87886091357632,-34.901228848548186,1.1195669258508882
2000-06-14,0.7334394799669637,0.3137422357674443,-34.27662550293338,1.4739493189525985
2000-06-15,1.5085407144795975,1.5085912030688795,-34.97978826878724,1.5943023179206923
2000-06-16,3.728222138866788,2.2782316379243115,-35.372907767458194,1.24193482928791
2000-06-17,1.8887347805264787,2.293875194947381,-37.19559166581165,3.1561275692638184
2000-06-18,2.995565253519831,1.7382464527646295,-38.02997744429945,3.6990634877678383
2000-06-19,3.571456583693901,0.07808451399312255,-36.63051464361384,3.501707536616555
2000-06-20,5.3355558283603575,1.6967312662121457,-35.70885412768186,3.0269502779315443
2000-06-21,5.637272858270482,1.2033723132588965,-36.9131981094338,1.2456526779278707
2000-06-22,5.364747922927782,3.337156096730318,-36.820406093368376,1.095428493096786
2000-06-23,6.767253271762856,2.720287347527001,-37.41282599863397,1.3026915461578423
2000-06-24,7.442860783700858,4.032224992218183,-37.22746083764249,0.5769790765233379
2000-06-25,7.1321961011320525,2.8685892522009,-36.08815895909979,0.7901122726374319
2000-06-26,6.452507614605075,0.9006420315481749,-35.5852530099588,1.1237150287135385
2000-06-27,5.074707416835599,0.6765950148208745,-35.668791161597944,0.9040504174782
2000-06-28,6.487706342256316,1.0137822604170448,-35.62541403321182,2.0564872837407555
2000-06-29,6.990361663842609,-0.005366492782730603,-35.758197783406004,1.6803513095482088
2000-06-30,7.519981250786908,1.0470973930117526,-35.83308784858336,2.1510956677117004
2000-07-01,6.514109010190795,0.4587071896731779,-35.3651563637954,1.3344595301040607
2000-07-02,6.042839814460789,0.9086405318469966,-35.776975543758084,-1.0715435525597108
2000-07-03,5.696346487720153,1.0748772646463787,-35.6566687900142,-1.3167038473656232
2000-07-04,3.6457645633706153,1.6148484566326449,-34.62618764118563,-2.1328492700112527
2000-07-05,1.6661096952887193,3.0056933808127546,-34.78582814372001,-1.6044164603859556
2000-07-06,-0.7026869016105712,2.8145077714619795,-34.603755112663094,-1.5757924889357304
2000-07-07,-2.0463969764831145,2.2823694013793587,-34.784707573999654,-0.9402082960787601
2000-07-08,-1.1068504731331528,2.497087069514985,-35.52586723130963,-0.2858936670562544
2000-07-09,-0.3281549684398668,0.2400927852862016,-35.787616606704326,-1.7728229502151025
2000-07-10,-0.6267837644138305,2.6746893871344644,-37.86368830473308,-1.668427621056819
2000-07-11,-0.872481921123465,2.902760470973295,-37.97379694387959,-2.6471795306355173
2000-07-12,-1.649106686332872,5.142530978565924,-38.53116812123661,-3.1829877913289604
2000-07-13,-0.24824863698555633,5.893253198758897,-37.77722456534485,-1.9620127921151953
2000-07-14,-1.3531737982847651,5.307861474863311,-37.319472690732496,-1.673577133163903
2000-07-15,-0.3475455040654727,5.889940143763482,-36.98056914599026,-1.3934593978391598
2000-07-16,-1.4992713962164919,5.375080825547251,-36.78324112761324,-3.0685791182313875
2000-07-17,-2.5116064836298024,6.4542240068342664,-37.30638244008129,-3.667445795345552
2000-07-18,-3.6063205917771093,7.447291019353835,-36.31387404653613,-2.620966956016699
2000-07-19,-2.3870423015747115,8.292741457741094,-36.43067063652401,-2.501763675075918
2000-07-20,-3.344506226019718,6.862564911348358,-35.85626777577267,-3.7222244088923877
2000-07-21,-3.703075159886966,5.1052058942537375,-35.811069884056785,-2.1750953504199155
2000-07-22,-4.016463274615369,6.167788378550678,-34.61723926786354,-2.5197623364493857
2000-07-23,-3.8490806573993566,4.49202770200286,-31.655073087405547,-2.2752071940213447
2000-07-24,-3.5376662894842883,2.754993146679595,-32.47742890863475,-1.4903208361055944
2000-07-25,-4.930884767110184,3.4474221937332556,-30.858289458127732,-1.4517830581903206
2000-07-26,-3.6625056692312574,1.1058705175181416,-31.485760399592447,-1.1456594820123287
2000-07-27,-1.9689117320892429,1.9351797783708427,-32.814405364329815,0.9204860982282137
2000-07-28,-2.619031046931471,1.2987489312944778,-31.58716773033078,-0.22697376587584928
2000-07-29,-1.6924027352228266,1.5198348347453918,-31.53497653329367,-0.7620880765981628
2000-07-30,-1.3395097748942064,-0.508164210017545,-31.352547057693574,-1.1475226311334035
2000-07-31,-1.9014909934366073,-1.036967317383794,-32.49270742088086,-0.5372835546693527
2000-08-01,-0.054116386840186825,-2.093237905458959,-31.65151655663783,0.10183163279248375
2000-08-02,0.08352981798585912,-2.5572940110747187,-31.959574140778034,1.1566853819632927
2000-08-03,-0.5098238031304194,-1.208606722919557,-32.50687056273711,1.9078596636005003
2000-08-04,1.0846044216834128,-0.42455565383454663,-31.421627419477453,1.480324373210504
2000-08-05,0.06088494110571108,-1.0367846258004367,-31.306514963979826,1.8451680358539475
2000-08-06,0.5943545827424991,0.14126707284866225,-31.217029307570623,1.7091069447402019
2000-08-07,3.707293768666385,0.6595392749162353,-29.348763712091127,1.7994924971955502
2000-08-08,4.177660424485911,0.20744703874892612,-30.488480188757134,3.194961689364653
2000-08-09,4.1761541761008605,-0.6828463185627052,-30.342811083119923,4.046041815352451
2000-08-10,4.510011641053749,-1.8925663507405666,-30.466704554946695,4.688938588061828
2000-08-11,4.041770577330463,-3.2380020295734164,-29.935659369573308,5.744544664112997
2000-08-12,2.4075170650087188,-5.0910644411166315,-30.288729336956447,6.735382302140082
2000-08-13,2.186695500374953,-6.345948106547404,-29.803501887399943,7.783203874997041
2000-08-14,2.2067191146886507,-5.993963022441083,-29.720144218993763,9.530269268507984
2000-08-15,2.1515543058504507,-7.924558699420915,-28.929884869828395,10.512075170946757
2000-08-16,4.405912145173449,-7.731919518901423,-31.6915019801162,10.110135209492027
2000-08-17,3.409972598901632,-9.715061658592889,-32.80463077035239,10.063941299663897
2000-08-18,2.4071784894848993,-11.086088901090628,-34.227584066082734,9.587905501410539
2000-08-19,2.116735263760387,-11.504911599775177,-34.14370064509364,9.254898264776205
2000-08-20,2.6757248257168955,-9.502448420300611,-32.66030085307399,8.902667006338737
2000-08-21,4.254970209135929,-9.358430750624752,-32.59697363898572,8.998323733377635
2000-08-22,5.704276388243823,-10.80239688497679,-33.5132722390267,9.767936582733434
2000-08-23,5.928621120820389,-11.091523936544167,-34.890823668891834,11.33926897234859
2000-08-24,5.223965176146725,-10.914735393637674,-33.633793391526645,11.058517680247633
2000-08-25,3.7177810770573902,-11.39461972011813,-33.30504512394201,10.384737949892783
2000-08-26,2.598425502749504,-12.04898161291673,-33.74747521756114,10.103501633229163
2000-08-27,3.185570803067423,-12.641686959424293,-31.577188939862396,9.343642124089497
2000-08-28,2.5572616782251325,-13.68105644490036,-30.09451815178415,8.850027768395051
2000-08-29,2.505796613553299,-13.760853914553698,-29.74076297325296,8.36649896217075
2000-08-30,2.7170207845527683,-13.547991494677387,-29.459984178650792,7.31312463721708
2000-08-31,1.4306620252646818,-14.13419499736188,-30.344000152721723,6.325619563863368
2000-09-01,1.3551428468481947,-13.463505057782815,-29.602302370168825,5.642017334498606
2000-09-02,1.5429248811944805,-13.15580658306336,-28.493635079432785,5.441851333941311
2000-09-03,2.817279915410155,-11.367212016544704,-29.14013692288104,7.088147202320791
2000-09-04,2.8395636474412003,-10.725708037286957,-28.42773470892711,8.154021486028967
2000-09-05,1.8073783721590726,-10.160084373483091,-27.95236456623471,9.035002045405983
2000-09-06,1.525949501365331,-9.530264662028443,-27.29291107836716,8.635974223918307
2000-09-07,1.051090529390816,-9.903404659466043,-27.958065347308736,9.994767070220266
2000-09-08,0.7218518983973745,-9.864753057722572,-28.278653963234866,9.216460877503113
2000-09-09,2.826046506695695,-10.889997400594194,-28.54244877322864,7.575095620098947
2000-09-10,3.4488714445185966,-11.250011713288309,-29.48713163593278,8.111457541103649
2000-09-11,3.3856058424348277,-10.656384389606206,-30.628257057576967,8.57705559428752
2000-09-12,3.1940456604565584,-11.04636160501524,-31.385931508175037,9.028210317225048
2000-09-13,2.9248566622125476,-11.679565923169763,-31.21587461848477,10.283542478134963
2000-09-14,2.1766971478406183,-12.70054405181648,-29.955502492156132,11.066945573179053
2000-09-15,2.6239765723483623,-14.469417064891072,-30.9305392376263,12.815835211500467
2000-09-16,3.654427518994356,-16.469820287270302,-32.03559952291431,13.903933855663674
2000-09-17,3.5182444398025994,-15.552009255977394,-30.675797039573673,13.464330852279462
2000-09-18,3.7516002095342587,-16.450199266588953,-29.48029028832187,13.363554920814236
2000-09-19,4.165204545998005,-15.098711874628329,-30.311730927557928,12.830273489500144
2000-09-20,2.510837900328685,-15.089420159640225,-28.710782605057588,10.10762486008259
2000-09-21,1.1890555657423545,-14.554475025353465,-28.972901428946113,8.473570527603542
2000-09-22,0.3848098817433203,-14.643531096573417,-28.20921654183928,6.050129863354082
2000-09-23,0.10825654504609822,-14.717528796060956,-28.420223285769694,7.286127147482272
2000-09-24,0.4499721353685239,-15.973351874421052,-29.267321710783737,7.035510472708504
2000-09-25,0.7144508850302136,-15.608957096568805,-27.899604300994994,6.259557441639243
2000-09-26,0.9661413103319205,-14.827078297155298,-28.32877845157454,6.534133554577718
2000-09-27,3.831591597983085,-15.044181959946677,-28.160735130116365,7.364747546479805
2000-09-28,3.3022777716675416,-16.198073435939342,-27.07196386268336,6.398938059748747
2000-09-29,1.7259125617128983,-18.54661266185114,-27.402379191254084,6.855615027326663
2000-09-30,1.3620070666014117,-18.229254930519872,-28.643021188759683,5.250379094716951
2000-10-01,-0.6092652567121879,-17.880495794172983,-28.569397604669188,4.749152977979047
2000-10-02,-0.4974667419518229,-17.466028779306058,-29.04159968811745,3.873215307953361
2000-10-03,-0.6922339749890497,-16.9610779270455,-27.851133781226164,3.8062685110714245
2000-10-04,-0.4985958283456725,-16.306732739904042,-28.956972966472588,4.051344902130144
2000-10-05,1.4097025875423488,-16.422098471824086,-28.21759961345612,4.419831006792755
2000-10-06,2.3091280844309034,-18.046165754181285,-28.16216160052364,5.6161012631812595
2000-10-07,2.658604943249176,-18.946389539046066,-27.710806860177733,7.136676543787415
2000-10-08,3.303215803171362,-19.00625204940069,-27.354576680807725,6.737726105005318
2000-10-09,5.788324382530732,-19.86093630234975,-28.333044106793125,6.342410043528539
2000-10-10,5.996948632125563,-21.14100046880472,-27.491561212130136,5.4873916202307385
2000-10-11,5.195208165155427,-18.83984631322487,-27.53127025876017,5.419624626002559
2000-10-12,3.9943272952566735,-20.218673205453282,-27.298454051870294,7.519274008112422
2000-10-13,4.32927751204832,-19.066201811016395,-26.108697885341307,7.454467083276241
2000-10-14,3.2725798788459826,-18.59655207811453,-25.648875108392865,7.3454105735590804
2000-10-15,2.307941461170003,-17.410009108392124,-26.333127903294926,7.031269635701676
2000-10-16,2.802529075458138,-16.255003449563542,-26.68862794733097,7.520905532741687
2000-10-17,2.6897569228632063,-14.437456695462226,-25.590906432928627,7.548883296697777
2000-10-18,1.7311020564413964,-13.835598357261828,-24.5045783228625,6.6888774039935806
2000-10-19,3.074372078385877,-14.714974711821874,-23.810256271916284,6.97305673181989
2000-10-20,3.1741623438978537,-13.904944571662417,-24.714400384667336,4.945639827813402
2000-10-21,3.623500845757857,-15.822915008090163,-25.250712282949646,5.9554616233940525
2000-10-22,6.19504567379949,-14.455480465700187,-23.71495754682294,7.7057297126084325
2000-10-23,6.083255557704284,-14.415858722357958,-24.269605362129155,7.559207414853558
2000-10-24,6.130454757782998,-14.86608693712832,-23.72768712178266,6.678942454271311
2000-10-25,6.864625848455447,-14.368930939824436,-23.098888361159826,8.00284037476985
2000-10-26,6.277228639381697,-14.559853083221832,-23.59239424102081,8.875365720092283
2000-10-27,5.794141312286474,-15.13995497649194,-23.84404825070296,9.426606533351467
2000-10-28,6.596958428986751,-15.791077545001889,-24.013461763233902,8.413980565951086
2000-10-29,7.9099885704168535,-16.566288159632933,-24.12159000242955,7.9697115623872925
2000-10-30,6.589326029775066,-16.36043155832846,-23.74431976016176,7.458619094418541
2000-10-31,6.967195986670774,-17.05954049862868,-25.19170618139348,7.587081303792279
2000-11-01,6.467818803127517,-17.068483734221466,-25.60069344774996,7.095124643058316
2000-11-02,8.474927664283065,-17.48490841658266,-26.279099580089934,8.122747640367578
2000-11-03,7.875107645343275,-16.930294682646764,-27.789768131523623,11.010780001362225
2000-11-04,8.725991969079946,-17.334418261152955,-28.492897470420342,11.334570160487749
2000-11-05,8.456297808968701,-17.60260393402567,-29.139925241271378,12.596823470504521
2000-11-06,8.266381678548328,-17.63103791885276,-30.10931210711399,13.101844022553903
2000-11-07,8.038311160013713,-17.284070977030733,-29.96920594382123,15.441345135761951
2000-11-08,7.658849329202235,-16.976361480615804,-29.42112126180583,15.440339156977739
2000-11-09,7.337204411979137,-16.82657667705924,-28.2306858784723,15.994967858587856
2000-11-10,7.316227504747946,-16.670763563797845,-28.595121681299148,15.623750435839675
2000-11-11,5.411343973168032,-15.5390534919925,-29.229340740569697,12.99460779535
2000-11-12,6.2942072554260085,-14.629959205185152,-29.22367076408598,14.174887841322391
2000-11-13,5.944878451941886,-15.482475658355744,-28.368771843481216,15.23007887423134
2000-11-14,5.595853141799619,-15.286441475696643,-29.236074101199083,15.276795198881354
2000-11-15,5.979807371712417,-16.53811652253828,-27.99579529284552,15.60111979121598
2000-11-16,4.3682807832963935,-17.097596056375874,-29.98798135758801,14.411008432668616
2000-11-17,4.239595635464476,-17.602205905780814,-29.80830551452379,14.651585600413341
2000-11-18,5.691026145675801,-16.8663188560524,-29.597931884307307,14.136609681202675
2000-11-19,6.055705665558555,-15.305033225056643,-31.203510864988466,12.674084676876108
2000-11-20,5.869431533968081,-15.997977762299934,-32.18601722115474,10.98018589900454
2000-11-21,6.590643600972482,-15.65335007410848,-32.15029625056463,10.116989408559945
2000-11-22,7.217667215413152,-14.777546935260403,-31.278839880334274,9.416527618390168
2000-11-23,7.8729508148502045,-14.575218181942539,-32.0105263721298,9.023597728466198
2000-11-24,8.553197506397215,-13.83642514720885,-31.4412939460579,9.255468532491296
2000-11-25,9.905542762534273,-12.27369316747154,-29.871029673442358,10.497211105000481
2000-11-26,11.833782947095239,-12.483427834962761,-30.071244113040436,9.298382540696833
2000-11-27,11.878553177609989,-12.924266454370946,-28.24290602125818,11.024901233705238
2000-11-28,13.07809603384761,-13.8211362710862,-26.876539810333398,12.254514739367561
2000-11-29,13.76149025426641,-13.15217658982682,-27.60665075975146,11.840924831144957
2000-11-30,12.0984720416063,-12.46627418429854,-27.997093843655946,12.442183296920003
2000-12-01,12.930140301725263,-12.058621915983283,-28.393392929591275,13.22451245568909
2000-12-02,12.807995951924594,-12.968440282540579,-28.884186280584505,12.24167757271518
2000-12-03,11.339674025752748,-12.99909007810971,-29.58983850218052,12.128893911573789
2000-12-04,12.59177913530116,-14.607434876946739,-28.553185134341902,10.63045913522765
2000-12-05,12.29316143311746,-15.308458195315227,-28.342756112264738,11.69955592115389
2000-12-06,13.616737770832811,-15.670328528989655,-28.31407367209372,11.689062371926845
2000-12-07,13.00538934271684,-14.314656233074443,-27.738753129571798,10.46259354749839
2000-12-08,15.5471699289625,-14.166566622310365,-27.321681782723484,11.193788694639416
2000-12-09,17.388895577755118,-14.794036825773674,-28.32128545721862,10.382305904266449
2000-12-10,17.430018467062773,-12.940454870922679,-27.860319699248365,8.071491384039815
2000-12-11,16.069043190823642,-12.793051741006147,-26.79354488969061,8.708391470298936
2000-12-12,14.946551167037537,-12.403399103563618,-26.703508721351067,8.197729967396567
2000-12-13,15.2976752748806,-12.839632365723025,-26.30598422379366,9.279019739403811
2000-12-14,14.249370073862154,-13.7726905359985,-24.314788301157982,9.507443619244048
2000-12-15,14.862115507736638,-14.226740574575915,-24.884895711386047,8.25034132248713
2000-12-16,15.503418257591125,-13.572092852980992,-25.891126959891338,7.496644734942029
2000-12-17,16.196536693222516,-13.629817064886323,-28.691482551363762,8.546713268002673
2000-12-18,14.255972526006955,-13.424562167165215,-29.204786505677983,8.675832084374372
2000-12-19,13.877857634399499,-14.968443196637248,-29.404472656141774,7.072502953515543
2000-12-20,13.495214422642864,-16.77940610905469,-30.458493382946752,8.059854406467757
2000-12-21,14.440690557429082,-18.406053426795594,-30.46544930629732,8.389200406618949
2000-12-22,15.186055364059902,-18.496256154021054,-29.01030459791586,7.954014694117874
2000-12-23,14.922050193525253,-19.18009145206432,-28.66616720029042,7.113485302553675
2000-12-24,15.346490204593024,-19.142776525378107,-28.744654374407983,6.669293681454742
2000-12-25,14.249955102872509,-17.311227402109076,-27.01162425464423,6.632194343587039
2000-12-26,14.37504866775599,-15.92154988484017,-25.625412045287245,7.37575820629822
2000-12-27,15.844201341954857,-17.75418862765419,-25.909726328082638,7.290986093008208
2000-12-28,15.50147850921758,-17.45454111305873,-25.787884443670272,6.410760423639387
2000-12-29,16.29104177639951,-17.334226167399947,-26.777254430268428,5.53042842147183
2000-12-30,18.32721420060754,-16.32307653956757,-27.13773947855029,3.1883614596746304
2000-12-31,17.391620608477425,-16.678037376399605,-27.35819314524913,3.8830289486314893
2001-01-01,17.248973407096493,-16.823743698441778,-28.00021452832173,4.374848712226328
2001-01-02,16.10318640906915,-15.583422172741729,-28.253085073168172,5.451091522236942
2001-01-03,16.06875069732789,-16.922016413551464,-27.857931499880983,4.310280034963336
2001-01-04,17.21353064118773,-14.567678939782521,-28.09188649323175,3.030701717907011
2001-01-05,18.166058393610808,-12.876266288642002,-28.681481326782695,3.2844401670037136
2001-01-06,17.66587257712791,-14.118229827968646,-29.54269757397864,3.148443172729217
2001-01-07,17.4585163958819,-15.27845818435097,-29.463282791464568,4.499349978620401
2001-01-08,16.437173963374963,-15.18666735246207,-30.658065673404593,5.551026131005875
2001-01-09,16.394822843007663,-15.965027703986003,-31.314486277753762,5.474827603528314
2001-01-10,16.462421780085737,-16.27288309842282,-31.266223388761535,5.342839518504991
2001-01-11,13.804906370606217,-16.628345861787395,-31.793209381643486,5.168607653830964
2001-01-12,13.359608942442314,-15.66266471309377,-31.099599075353666,5.226845992365023
2001-01-13,11.970226315821025,-13.825259034934078,-29.286694842172736,4.759807633325965
2001-01-14,13.46097797415311,-13.903451157288675,-29.585589872929948,4.818154646780137
2001-01-15,14.557597772396548,-14.063247735646733,-30.33092384069017,2.1451799831948546
2001-01-16,16.63577928141311,-14.890933237469222,-27.675973686433295,2.370704912650645
2001-01-17,16.066177703873812,-15.142436748222618,-26.56012918588446,1.3295260463253777
2001-01-18,14.555899736493224,-14.930288548901123,-26.581657498401484,0.804205785517119
2001-01-19,15.121947985744669,-15.084227930813046,-26.403888200132076,2.1651429851298447
2001-01-20,15.406497778626177,-15.051059714470599,-29.057983360078346,4.890484923288385
2001-01-21,14.525080261993015,-15.014685166325782,-29.376142597073695,4.800448167605408
2001-01-22,14.80378302173762,-14.178027763578747,-26.690029141308884,3.014201427143156
2001-01-23,16.018446547560675,-15.466065492677412,-29.51645887575158,3.58309021798524
2001-01-24,16.04185211282103,-14.680596707768965,-29.456924446601633,4.891833109802499
2001-01-25,15.69084872355932,-13.597254351282489,-27.57168584405013,6.1050457916933585
2001-01-26,14.811544558503774,-12.096004267853045,-27.14974913288125,5.482181612294596
2001-01-27,14.75035982342551,-12.01622341016323,-26.204398274701937,6.318998666360124
2001-01-28,15.141809841495302,-11.555072698738751,-28.00419536388025,6.934636240571445
2001-01-29,14.983701020341512,-11.84698248432115,-28.350406306293397,6.2987558378044515
2001-01-30,14.86097340362231,-10.716503870350017,-29.10815644337569,6.063130445594891
2001-01-31,15.660940054818873,-9.100538756837679,-27.889309347266078,6.364959147069327
2001-02-01,15.240192000529898,-7.920810159389376,-26.449789190297707,5.357923890441864
2001-02-02,14.816137187474602,-8.582048991144925,-26.91061507922159,5.606696184936114
2001-02-03,14.649248514267672,-8.473676242641227,-27.38993427347157,3.3786644253762512
2001-02-04,12.81323309464607,-8.005029581878926,-27.098707224211395,3.914787516716166
2001-02-05,12.97038591122171,-6.408455137076583,-26.386571018232377,1.2955397339739636
2001-02-06,14.130169945548404,-5.864882240439107,-27.244361434210347,0.5234318881570681
2001-02-07,12.397359518984011,-5.342152657437039,-28.454404643196227,1.6222932430041854
2001-02-08,12.963911998114051,-4.217183926577072,-26.675195348520507,1.0267359713241664
2001-02-09,13.687791064795613,-5.076735693319411,-26.96312647372029,1.0382826381492805
2001-02-10,12.287975679697116,-5.631994761438057,-26.6699419187352,1.3697363334532926
2001-02-11,12.592961844982732,-5.618852753986796,-26.367081883407756,0.3561724220289346
2001-02-12,12.085726691974658,-5.0529522582526205,-25.600670008585208,1.1611890285507966
2001-02-13,11.669043012022664,-4.183152564171355,-24.334766207244947,3.0279782521998744
2001-02-14,12.120952083178286,-3.3891708176088255,-25.589573551768645,2.483951501680373
2001-02-15,13.347365212529265,-4.599787028942931,-27.658116141063097,0.9948856622259059
2001-02-16,15.348049799450386,-4.7189956112956715,-27.218714938519916,0.7718490960617223
2001-02-17,16.415165338758534,-4.652427757048849,-27.987070372125398,1.4464535420699451
2001-02-18,14.719550830639998,-3.9968054283181687,-29.165510503070102,1.780844994584678
2001-02-19,15.5907201693299,-5.003866004034814,-29.14361949106936,2.3930076069182986
2001-02-20,15.22449380238835,-5.626758158807739,-29.26713148304053,2.484345920126424
2001-02-21,14.920611151058853,-5.855978274753757,-29.651662668755197,2.3383850237220734
2001-02-22,14.47749306380197,-7.747738106057126,-31.46425133449139,1.8176372689053397
2001-02-23,16.768093234383898,-9.01442017264807,-32.52402278845833,2.578999579552087
2001-02-24,17.84383623480451,-8.89754933725918,-33.50503785277545,3.0331267262320147
2001-02-25,16.057009126454087,-9.007023928375956,-34.63924025047656,1.6681656143816601
2001-02-26,15.801936899680895,-8.280342581975583,-36.20621378574239,3.1117311926615265
2001-02-27,17.97756552802972,-6.561716754322065,-37.652709082392896,4.039837383664984
2001-02-28,16.430308158985795,-6.966268715832343,-38.175149094317995,3.0675639623917657
2001-03-01,16.535734949738853,-7.023771919548589,-37.52064593013403,2.0079416010618685
2001-03-02,17.451265730243207,-6.632809555206069,-37.298160801138444,2.165872302324299
2001-03-03,17.362110953753376,-7.2832476782745665,-36.42712336613644,2.3044602323581374
2001-03-04,17.781823471499816,-8.43177616145526,-36.68874456523521,2.908389587031758
2001-03-05,18.240657509128607,-8.2162512475136,-34.67120259070305,2.983766943110315
2001-03-06,18.083766540972604,-7.14372974211247,-32.63887013358379,4.571278614848389
2001-03-07,16.642377065786317,-7.150070335473522,-33.83623661912554,4.718183227038949
2001-03-08,15.418064111972452,-5.760177054705048,-34.78183573280023,5.505105831979831
2001-03-09,15.166765879236086,-5.499384327180769,-36.579997640901446,6.2758535420675745
2001-03-10,14.875788651764733,-8.110803926786469,-37.52422279895164,6.600358485477912
2001-03-11,15.042320950366072,-8.373370331138117,-38.04206695501942,7.131407966530532
2001-03-12,15.170861285223598,-8.005965000611765,-35.26888527486123,8.43549834987307
2001-03-13,15.731732723791657,-9.456198461446663,-34.936364225801924,7.368091348088064
2001-03-14,14.757666337899654,-9.975194819863647,-33.395690563549756,7.543844555831313
2001-03-15,15.908624618505405,-9.549954301379792,-33.58904917681051,8.477585175309395
2001-03-16,14.895814964891692,-9.932789407384579,-32.96751139066152,6.999189329213198
2001-03-17,13.670980049993691,-8.877076163490532,-32.55292641109692,6.507966367667667
2001-03-18,14.665698743367756,-8.631126331501846,-32.32351486615959,6.417251059137104
2001-03-19,15.257412932717322,-8.747069401686883,-34.028668351677084,5.561049020323743
2001-03-20,15.811156338151136,-10.115925961368875,-31.371412512039434,4.970729166138199
2001-03-21,16.78519467649604,-9.261028828557512,-32.31478331090493,3.5795956523051755
2001-03-22,17.25852608576314,-8.982950261406366,-31.55976354284919,3.151847080865394
2001-03-23,17.056864311772724,-8.23499538555229,-32.088478388294774,3.6918364036796616
2001-03-24,17.200778405500866,-6.8231668816403825,-31.298393022138175,3.6077175691767764
2001-03-25,16.29872730382973,-7.893245355570489,-30.548631562349705,4.51021850750345
2001-03-26,17.007458164399665,-9.03354755131389,-31.202426780253077,5.8593692037292096
2001-03-27,17.836154496356826,-10.762348384779198,-31.545582480319727,5.672007943476688
2001-03-28,19.30515174195266,-10.9503285309524,-30.627736173311856,5.119806786310214
2001-03-29,19.146450440295965,-10.231350306936555,-30.151783786627657,3.2486578326974795
2001-03-30,18.670878917793157,-10.789463858325687,-27.549357911067254,3.17293934948153
2001-03-31,19.43185042623455,-10.547284125782545,-28.106885479568053,4.254832423951184
2001-04-01,18.105089496099875,-10.187919277948795,-29.895242018217992,4.511498117686631
2001-04-02,16.780265286791515,-11.260959140723536,-29.588892982178503,6.541625072277787
2001-04-03,18.403288882964596,-11.620449696834712,-30.526916477071936,6.6454817147468805
2001-04-04,18.20248594032297,-12.14267830048162,-30.382632228464853,7.36973483969045
2001-04-05,19.160267085380383,-12.384966938936024,-31.88685272019805,7.8847677374097795
2001-04-06,18.584285073029978,-12.676830572042821,-31.72178603115329,8.438316234287205
2001-04-07,19.26556763591682,-11.507655242561132,-32.20868527756285,10.436702825801511
2001-04-08,18.005852044075446,-11.27927092587856,-32.85160356458679,12.13244268963727
2001-04-09,18.098597469102163,-11.579453313319904,-34.43975956675196,10.818400112167684
2001-04-10,17.380636865662936,-12.084453469173223,-34.78215172811532,12.034694920702549
2001-04-11,17.959922635588363,-12.387152315826054,-34.86147892612195,12.189021728803107
2001-04-12,18.405459367793252,-12.667199239421214,-33.92839853448957,12.73345653851256
2001-04-13,19.017613929633615,-12.746343284392925,-33.55283831222287,12.537265274657143
2001-04-14,19.057424318859283,-13.460527110147627,-33.136391297280085,12.827566186790811
2001-04-15,19.05305224401026,-12.971342527100056,-33.08649113504546,12.382051593781101
2001-04-16,20.434886452468533,-11.781775026131207,-33.062793763729736,12.700028685339364
2001-04-17,18.91949841754286,-11.748827402199735,-34.37715606869314,11.971642975054877
2001-04-18,19.925113499937254,-10.473746923564823,-32.414536663994774,12.71572672376155
2001-04-19,20.94161725813949,-10.206384364671417,-31.73412662012834,12.65657249875304
2001-04-20,22.465051103870042,-8.780747043755932,-32.92441901924507,13.322991820522407
2001-04-21,22.593638935025773,-9.043640866579212,-31.726791641340792,12.458756122664727
2001-04-22,22.739496432075402,-6.70530882894203,-32.317171919022584,13.353124069409235
2001-04-23,21.97630773936312,-7.080064090384919,-33.218988691824435,13.043152248783626
2001-04-24,21.56898656802903,-6.52815660761907,-32.41936342192734,12.775489499011188
2001-04-25,21.26374292374379,-5.158821347510363,-32.368284396214484,12.265486600353814
2001-04-26,19.039765798382927,-5.708570233533583,-32.23533858020158,13.466683944860973
2001-04-27,19.084042328427913,-7.3586133656176695,-32.6224139883827,13.947733133423036
2001-04-28,18.58850992940832,-5.800843582908552,-34.100090888993456,11.738768284899157
2001-04-29,16.571049893516253,-4.790003460684471,-32.946061578818295,11.25146254464615
2001-04-30,16.215745301438357,-4.901816750334654,-31.3529652300292,9.60384076292947
2001-05-01,15.968130144496177,-5.158490033915925,-31.86325534852143,10.433076017949851
2001-05-02,14.19260464530095,-4.078575064294044,-32.443568681536505,11.421277813776952
2001-05-03,14.108743355645085,-4.093507799695798,-33.086523175261895,12.121819250663368
2001-05-04,15.060769060705182,-4.4057764649703826,-34.23856043445711,12.692055180520772
2001-05-05,16.06339499262383,-4.500311478943175,-35.620830745453894,14.159198505407536
2001-05-06,16.748574132126382,-5.414163032795013,-35.7890447733626,15.262107374694246
2001-05-07,17.975955339130948,-4.382842560583144,-35.800387349344064,15.321554943906895
2001-05-08,17.259533349999405,-6.463225941792036,-35.730739585221656,14.768443701310275
2001-05-09,16.803619404842767,-6.297970486218804,-34.14525557359718,15.355123512037471
2001-05-10,17.44166113901231,-6.39289176906821,-33.21964270355193,15.739786989388408
2001-05-11,18.804018427448124,-5.224506206339165,-32.20976060884024,14.796155574772191
2001-05-12,17.768613367698634,-6.263613254362822,-33.91281378117869,16.445068098613735
2001-05-13,18.354162676982533,-4.916805121557403,-33.63405973737322,16.285130158991514
2001-05-14,17.858082168742456,-2.9717323355671894,-33.88485051426588,15.19578795222401
2001-05-15,18.63742503045222,-3.580910323562677,-33.39098578013479,15.510578122567015
2001-05-16,17.376205441006974,-3.271244542743165,-34.42516780488283,15.938916437784531
2001-05-17,17.11570855693691,-3.3145502033876606,-34.02894457112829,16.097804661011367
2001-05-18,15.905469215452529,-3.6282879821400704,-33.68503397788594,15.592213167385951
2001-05-19,17.655858945279256,-4.614405318270575,-32.08606209370855,16.02646879859562
2001-05-20,16.491704743238223,-5.033048698389422,-30.768953396139082,15.700473224109382
2001-05-21,16.55439131308254,-4.730742958542847,-32.446281174476525,15.638179489477094
2001-05-22,16.88734625682411,-5.3998667325124945,-34.3145266119996,16.64847986623905
2001-05-23,18.0569492774709,-4.7122535948866755,-34.17177509623891,18.83720337713547
2001-05-24,17.312409605477043,-2.696331052036009,-34.25228618951279,20.164536986621382
2001-05-25,15.856062095575572,-3.248036376329484,-35.374643277894855,19.337773043378807
2001-05-26,14.070781469395975,-4.158568282346267,-35.07216958959265,19.087409615188555
2001-05-27,15.680210976375218,-5.370820490100557,-35.44566440130555,18.706144607022246
2001-05-28,15.724251472788282,-6.041994465237463,-36.15880689985031,18.31413992253936
2001-05-29,14.980097311963197,-4.12993952707722,-36.56586954405511,19.41056848978943
2001-05-30,14.83543604899049,-3.9548610344494315,-36.03531149291516,18.738415266523297
2001-05-31,14.902465438118716,-4.608424378945275,-37.17865108532281,17.646319073343346
2001-06-01,15.432842809342135,-4.320890165111729,-37.6237950276677,16.941468977703387
2001-06-02,15.817662217318523,-3.8173713356131858,-35.559912699192324,16.997335017296713
2001-06-03,17.314810981884257,-4.441131094269909,-35.48707831851207,15.930557127183828
2001-06-04,18.256874758325804,-5.468456225208037,-35.478395002468794,15.177839105405667
2001-06-05,17.508673783495986,-5.521788883157705,-37.89896385092775,13.094594691321163
2001-06-06,15.383360842312218,-5.999135626557434,-37.20914214893605,12.83616954322531
2001-06-07,16.28934417436035,-5.945397558937481,-38.89505733758626,12.976657122692998
2001-06-08,15.456168393366795,-5.619342008526569,-41.34613972367872,12.843388157112315
2001-06-09,15.651366968151256,-5.467432087715964,-41.467239926749954,12.953416231950513
2001-06-10,15.286416119775424,-6.071481312695512,-41.053585429268665,12.777457818604116
2001-06-11,14.163468943571239,-5.7996113747137015,-40.270501962099274,10.813987516281765
2001-06-12,14.029351545472469,-6.6313588612138386,-40.53691393609839,11.331522813678957
2001-06-13,12.98552301111186,-7.4621330242873025,-39.901487974538014,11.94773589544403
2001-06-14,11.580169016731796,-7.556596302349406,-41.57743263197884,11.96166534888846
2001-06-15,11.32725669159602,-8.845105511876021,-41.159997109752034,12.064748717146392
2001-06-16,10.887852693280452,-9.799553753918195,-39.22549255515221,11.972951709624795
2001-06-17,11.962614001636437,-8.493881860832289,-38.98961857794876,11.327388978122652
2001-06-18,11.542612641470223,-7.706683501238822,-39.13292031213677,11.49012482670839
2001-06-19,12.149057568869738,-7.3198785190428275,-39.39461425594966,12.21160498490454
2001-06-20,12.761277906442778,-8.170129542553076,-40.44738479700934,12.306060963565299
2001-06-21,12.870728108899945,-7.620333238683164,-41.50448379196138,13.620425696330809
2001-06-22,13.294294286785124,-8.993402172536491,-39.94264877344612,10.623503193819905
2001-06-23,14.722068610650629,-10.736248508529577,-40.70280734627754,9.346148521397303
2001-06-24,14.788580481538418,-11.940408331208436,-43.33185000784174,9.095948821266777
2001-06-25,13.183342893985529,-12.183172681279883,-44.28672135914705,8.518630790701526
2001-06-26,13.728280655356466,-12.8926317998001,-44.28506288994458,7.752282178410611
2001-06-27,13.383757090347956,-11.787264363085733,-42.48277624919296,6.956913868204301
2001-06-28,14.795643195809642,-11.043410616809624,-41.9360123869814,9.349407440283388
2001-06-29,15.132225208594253,-10.323902127408543,-41.57598081387266,10.654368000663945
2001-06-30,14.847661765723815,-11.90026209475602,-41.98529043098708,8.863540150702725
2001-07-01,15.669881639921519,-13.572184429953268,-43.332919992308305,9.837672173688583
2001-07-02,15.794033897403153,-13.664579532368498,-42.53477838677117,9.105092137553282
2001-07-03,16.021487600403386,-12.314641292841559,-44.231492801665894,9.436006368501499
2001-07-04,14.300328987363796,-13.110760201761563,-42.36305568729812,9.717500134858188
2001-07-05,14.504423684832364,-13.131370317616566,-42.890267588294634,10.111766753764208
2001-07-06,13.91288076538047,-12.782980640730651,-42.93731420250839,8.71276960191512
2001-07-07,15.20030607872156,-12.204198386311957,-43.9517532329934,9.37396604182573
2001-07-08,14.931181517106191,-12.347478410763298,-42.80228429564253,8.744834676400492
2001-07-09,13.943765658387733,-12.462611047773624,-42.26003809367432,8.866253146687049
2001-07-10,13.437230603789635,-13.737394223675864,-41.82250804080425,8.792717058603518
2001-07-11,12.112827991603934,-13.844089757762672,-40.53364360529248,8.064726507096278
2001-07-12,12.801365633937175,-13.920169766828568,-39.60615413754069,6.0344591921888036
2001-07-13,10.127858594053437,-15.018748366234234,-39.17534368318103,6.696498779783151
2001-07-14,10.238997746443246,-15.671854432376202,-38.95519949263428,6.4469286235896055
2001-07-15,10.518093851077293,-18.249518699946645,-41.47598606482491,6.025067084683564
2001-07-16,9.544837736498627,-19.234498162730745,-40.94943397999921,4.967616649963067
2001-07-17,7.402973805682577,-19.61746752859997,-40.38014716187842,5.587600891839914
2001-07-18,6.041861166036567,-19.620055060611516,-39.99359709290241,5.477622138987526
2001-07-19,5.571543409597452,-20.422940572993625,-39.54947807345489,4.860055291749365
2001-07-20,7.291431000105203,-21.329870669010326,-37.36869979016564,4.985679319196555
2001-07-21,7.081457603018188,-22.60188592984199,-40.209746295391774,5.873021908802707
2001-07-22,7.070950300527751,-21.60508989303503,-39.96854593412741,5.41821763261313
2001-07-23,7.6234881215545816,-21.669306558611375,-41.18504761934787,5.881485504777421
2001-07-24,7.9750683918099226,-22.36916725553991,-41.09852408910967,5.589152407132712
2001-07-25,9.108957814946125,-23.584555041605856,-41.773683076705225,5.049114501765448
2001-07-26,9.734130781474764,-22.135901234314947,-40.92132301440274,4.2585091644845114
2001-07-27,10.726264133290508,-21.024358261683826,-41.04286276721602,3.425214461477767
2001-07-28,11.183462316209477,-19.35050250828777,-42.18910757863566,1.63298595832258
2001-07-29,11.354305973478892,-19.996217455880725,-44.49557043245569,1.9648083518130095
2001-07-30,11.344815395246775,-21.719674391293857,-45.69707057792234,2.4754508033098825
2001-07-31,11.288969143964714,-22.214015940933955,-46.43383277352612,1.8174552979271985
2001-08-01,11.05548090876634,-22.401407423744892,-43.65661136711773,0.8861463095613723
2001-08-02,11.935765649448964,-23.977625667529328,-44.219785607800716,2.445620358734402
2001-08-03,12.48755767696587,-24.920968039897712,-43.8832840784747,3.2099732101251117
2001-08-04,13.648664426633907,-25.90677662565767,-43.717630509097035,4.06168396553874
2001-08-05,12.746756956642544,-25.181804085063057,-42.77925061201555,3.3798341200477777
2001-08-06,12.50944711065963,-23.009030397715197,-43.10254633520082,3.627764743914387
2001-08-07,12.457699019201586,-23.370064734625135,-43.499221812623006,2.545379002955357
2001-08-08,11.438685250046793,-23.926193155235552,-44.2665803120221,4.1216919829378895
2001-08-09,11.686492275889186,-23.121366818178927,-42.49294468586557,4.2884859965436
2001-08-10,11.050274102134795,-22.183735498308614,-43.26185020735377,4.401061049791671
2001-08-11,11.323357810931167,-22.505121287553035,-43.9666032956415,4.647393489493966
2001-08-12,11.976435583808293,-23.74959670318698,-42.823315432559774,4.4150572461336575
2001-08-13,10.561536451961482,-23.18171392361371,-41.924363365621424,4.452087394059848
2001-08-14,11.989039743602513,-23.896438915087188,-42.08348005802344,4.076799741277996
2001-08-15,9.160320639139266,-24.513861350396873,-41.92519439508052,2.910838811908514
2001-08-16,8.042365399514154,-23.21607004917559,-42.5364183161638,3.9533846462334212
2001-08-17,7.522083188452449,-21.983006951011607,-41.99678355963505,5.408906463462686
2001-08-18,7.394227054702206,-21.418469623281997,-42.35149441868412,6.343599396237995
2001-08-19,7.0435916186042515,-22.03323127848114,-41.57464687733052,6.633453598813362
2001-08-20,7.152995676694723,-21.74162002681414,-41.65646922060811,8.389188084116142
2001-08-21,8.74619954776693,-22.10591778294242,-42.67710989554923,7.883809022491911
2001-08-22,7.234165786308938,-23.05335007462674,-43.34004468972916,6.630398047924454
2001-08-23,7.011997611329225,-22.259560098996715,-43.93251226775802,7.058367359597731
2001-08-24,8.716101645699604,-22.627805592996847,-44.85555794374344,7.603066604317098
2001-08-25,8.600135344770388,-22.753878715240415,-43.92837158987216,6.395973533883134
2001-08-26,9.260102598030786,-22.13526312386323,-46.19786613643365,6.686040997738133
2001-08-27,9.147532520552241,-20.634322624751007,-45.07762291848321,6.7625902175271175
2001-08-28,9.375148639816068,-21.734670486331087,-44.20437709547534,6.221545934482772
2001-08-29,8.634573196828567,-19.877923955530807,-43.779620321449336,6.80240622304597
2001-08-30,8.633317260568512,-19.80652807679775,-44.61089884310584,5.83521127993487
2001-08-31,8.315576625790936,-20.336351387360086,-44.20669612085726,5.406785629155147
2001-09-01,7.902264959879749,-20.870556524870647,-42.79803649464782,6.691275069945634
2001-09-02,6.510373739257116,-22.187732424111143,-43.52282907956068,7.72451718464259
2001-09-03,4.906623803176733,-21.787417100010426,-41.65598015124685,7.658619889604657
2001-09-04,5.7716826694340035,-21.791843720490636,-43.44483427640282,7.169957924822169
2001-09-05,6.2126835796371624,-22.114876813736227,-41.96253368350219,7.086709789703667
2001-09-06,6.017640229890693,-22.52306031301554,-41.410080815297505,6.215142144716661
2001-09-07,5.844661361588804,-22.9773075684244,-40.8781800783233,6.990381376989912
2001-09-08,5.9575654340002995,-23.13958131963841,-41.20023586254083,8.122965494243527
2001-09-09,5.841448607973703,-22.785245998022095,-40.66076789453345,9.46600549346249
2001-09-10,4.733497069114411,-22.991123177642557,-40.92875765754085,9.731840585790527
2001-09-11,5.339692724431418,-22.780167327963365,-41.68078693729602,11.478017746690119
2001-09-12,5.6806174890819,-22.405476157192194,-41.609880248158575,11.303921157543135
2001-09-13,6.056866666593578,-22.164485803304817,-40.902927338807835,11.717266641841674
2001-09-14,5.738346915436269,-21.514094593327428,-40.986116771250174,12.765112871001243
2001-09-15,5.970136200142971,-20.81757640066482,-40.77742549676725,11.528248009519347
2001-09-16,5.78388568590628,-21.003289857915945,-41.1905314056557,10.610074981150463
2001-09-17,6.353079278379843,-21.700815589827965,-39.94753138866388,8.145050137089337
2001-09-18,6.022113730846156,-19.374047660779034,-39.01402617882626,6.625222568208403
2001-09-19,7.569341079717897,-16.818822208770804,-38.615888781791845,6.2485988708715965
2001-09-20,7.905397198457449,-16.562559173044523,-37.94610178167264,6.140430788555517
2001-09-21,7.626711926231586,-16.896760259151794,-39.750261974809874,6.55597083760214
2001-09-22,6.018397403185618,-16.44483640781788,-39.70915748386911,7.797589451870964
2001-09-23,5.405230879014101,-16.954522127575203,-39.88115254544495,7.916515090524004
2001-09-24,4.281873703097855,-17.203352657133507,-39.57862433384928,8.397053470306574
2001-09-25,4.173192942429164,-17.024029444951605,-39.06079634958568,8.657661178585707
2001-09-26,4.626798233452465,-18.495333211579055,-39.03948325394283,7.175888792720638
2001-09-27,4.161325398155163,-17.83391520217426,-39.49364348575739,8.24229367716734
2001-09-28,3.8569106349101068,-18.048123689477432,-40.10794312269731,7.233308384188248
2001-09-29,4.405861507587042,-18.965802264026646,-39.59803866614319,6.9304546150534305
2001-09-30,5.724889718414559,-17.889517898242026,-39.63971453494687,8.567483911354278
2001-10-01,5.664258567704788,-17.594640870148186,-39.94299688190815,8.505925606526318
2001-10-02,6.179127794069293,-19.44161104426216,-40.16856861350055,8.479161843410015
2001-10-03,6.360625679074748,-20.021448953448907,-39.7660857925125,8.637764882385463
2001-10-04,7.533716722345737,-20.439600916821618,-40.5482625896316,7.382394954905733
2001-10-05,8.439401762695283,-20.86338424556149,-40.71135059059484,6.6256149930733015
2001-10-06,7.93914963970265,-21.12977629396417,-42.5359155051503,7.761869802383101
2001-10-07,8.757157416896852,-23.099827318682294,-43.131530110727084,7.669425191559828
2001-10-08,10.301102353824103,-22.38736147508164,-43.07526188900832,6.056710127023558
2001-10-09,10.45760187833218,-21.505537838911167,-42.154827921320376,5.448712345985358
2001-10-10,9.284397024038139,-22.058849926965188,-41.597069453879044,5.7281526690872875
2001-10-11,9.460427181597076,-20.87088926104061,-43.03573571752472,6.420829815658242
2001-10-12,10.798597032555145,-20.284321063390006,-42.24239560827657,3.9163197169600696
2001-10-13,10.443617230613786,-23.177067678542052,-42.57726563421138,5.169742034609025
2001-10-14,9.14832070130196,-23.93662680423454,-43.17229568567747,5.235878279038205
2001-10-15,8.635862761286875,-23.916265771609474,-43.14308373166811,5.434137198509787
2001-10-16,7.791688340061093,-24.11255187705012,-42.49996771781943,5.664580491674764
2001-10-17,6.309032000471149,-25.351186185637854,-42.231836810149225,4.568777522005549
2001-10-18,6.922789245283022,-25.286861695972444,-40.37717306768363,4.8770162053848995
2001-10-19,7.034530026705525,-25.815022367558168,-40.26427004516612,4.005402498805532
2001-10-20,8.165726809712021,-25.672532151455794,-41.14114262646284,4.148009430364758
2001-10-21,6.9749013028516185,-25.60232716715014,-41.546998469380895,3.8584415281440823
2001-10-22,7.473304129356938,-25.296746466215755,-42.01890063061648,3.481181079018995
2001-10-23,5.938183947243882,-23.942530012409602,-42.39693443703168,4.204723071047118
2001-10-24,6.073915720937786,-22.54162962710278,-41.44527915944188,5.074095674684936
2001-10-25,5.668571818636731,-20.951889428062287,-40.4763913477116,4.735643404238901
2001-10-26,6.9594925545251645,-19.82166112608537,-40.989987481883304,4.41652776895979
2001-10-27,7.206284363739852,-22.029666161667446,-40.595198075841736,4.017237472092891
2001-10-28,8.27465786448951,-21.645758104585166,-42.91938830654189,3.294449459279195
2001-10-29,8.90084319337226,-20.629627122313302,-43.351978854483754,4.143036790787954
2001-10-30,9.40458230137978,-22.08500006172194,-43.40284493471532,3.2637315879572317
2001-10-31,9.330669529481105,-22.304360228954614,-41.868524623884895,2.2868771198669773
2001-11-01,8.45344013301231,-20.0218343972327,-39.98554584873921,2.376413344699347
2001-11-02,10.487551595357377,-20.234609920017274,-38.092676668488764,1.809557440015618
2001-11-03,10.860474262557277,-19.294113726071508,-38.0117270893134,1.765260490824724
2001-11-04,12.003682602873747,-16.824601053309475,-36.77395110643115,1.0254461135416255
2001-11-05,11.785364782589792,-17.358701395851252,-37.90680935412037,2.0159176578347853
2001-11-06,11.879796503721282,-20.634038382091372,-37.19238537740376,2.4149781299593895
2001-11-07,14.15494414283636,-22.365801805164065,-36.93807573814953,3.7141990598223216
2001-11-08,14.453388528085702,-23.88734648300088,-37.88400883172671,2.764986309718567
2001-11-09,15.95235781951005,-24.34962994072525,-37.51654789625098,3.814228910808596
2001-11-10,13.892707413795284,-24.51440056394159,-37.02412289881823,3.7266276055308825
2001-11-11,11.70103994612942,-24.744840989944432,-36.875008987818966,1.444129101346567
2001-11-12,10.842132031723994,-23.850131818786213,-37.24636561057331,1.8580546860466547
2001-11-13,10.484393747185333,-24.203783404176228,-36.53294772300635,1.8231069124032502
2001-11-14,10.65295825796814,-24.294664547069267,-35.75826477616111,2.2889760431142805
2001-11-15,10.385781330806626,-24.92500466622997,-35.5958598125811,1.7642985804488198
2001-11-16,9.714845433714688,-25.590824387764187,-33.780614042268006,0.6278182773255603
2001-11-17,8.093858062182889,-24.068595772130042,-35.40542267094223,0.027465234230002022
2001-11-18,8.975850411885443,-23.50923777802728,-36.11486302286347,0.17808855079365773
2001-11-19,8.14411126586869,-24.381036087724507,-35.005894144619056,1.2888663369175772
2001-11-20,8.281890972828487,-24.16575206360216,-33.87882536900892,2.325465242707091
2001-11-21,6.7352982940848865,-23.26892940835221,-34.0037208598922,2.1689438083752757
2001-11-22,8.511119270437113,-22.939992843013755,-34.289578363500446,2.451191400143962
2001-11-23,7.176710252839822,-23.04988260804747,-33.703227566673014,0.8477933677034646
2001-11-24,6.6150183385798655,-20.889008403916137,-33.11549762465892,1.2072265330214054
2001-11-25,7.233820788727135,-21.08075314661213,-32.33793151258034,2.208676161644463
2001-11-26,8.465248343345465,-21.321191989756883,-32.0815163964716,2.177967889487607
2001-11-27,9.772807382794186,-21.82496697250488,-32.38563527268648,1.0623048073885624
2001-11-28,10.49167421557682,-20.65023207646453,-29.392907616066406,1.0343344234412795
2001-11-29,9.683514517657454,-20.49708054976784,-28.069984060575198,0.18824833995319978
2001-11-30,7.5291483736899085,-20.094599453389538,-28.57037359214313,0.955940713441259
2001-12-01,9.19628357810109,-19.327374521865476,-29.02186778235943,1.2602148722561035
2001-12-02,7.970954452331175,-19.74640550693727,-28.42504564597357,1.107989873891753
2001-12-03,8.08590285626603,-22.350685141857433,-26.69587595409247,0.7154512469185257
2001-12-04,6.418473511898057,-22.25176225972935,-27.90582873218111,0.5212337436450301
2001-12-05,6.607697166470085,-23.13023846742446,-28.17109082504433,-0.3352418210904389
2001-12-06,6.364964381138122,-24.944380262291208,-26.826133389391746,0.12206638783809376
2001-12-07,3.61329027951222,-25.507662040794905,-27.045662452491428,0.8276332351917114
2001-12-08,3.840760357862035,-25.6416047569131,-26.336793486230295,0.7502875842941374
2001-12-09,4.627713092584463,-24.358598019727445,-26.798145267355835,2.0134956911369923
2001-12-10,5.512978459185692,-24.18452161766134,-28.18249728685556,1.4108416522528517
2001-12-11,6.093937321587535,-24.326032235242607,-29.02003922096124,2.3758188862712526
2001-12-12,5.045921882468257,-22.843458163274256,-27.742120552984932,2.65895874820915
2001-12-13,6.270692813576591,-24.981772786239745,-29.621904872400368,2.9232809141206397
2001-12-14,5.225594485609822,-24.011674042402383,-30.449080528459767,2.8077135572369483
2001-12-15,5.995852631082813,-24.638017053187045,-29.22468060035385,2.925051955335274
2001-12-16,5.2185436488720125,-24.764533140997187,-27.040435853949475,1.9675948721620955
2001-12-17,4.4626813649708135,-23.838225085915006,-26.7466825260898,1.6648726105560383
2001-12-18,3.484228700380051,-23.31128650823579,-25.512207341140904,1.8848354639777323
2001-12-19,3.297479257630765,-23.408441559383377,-27.668680090413417,4.606770987052557
2001-12-20,3.200378235592143,-23.272947596552747,-27.452899909841136,5.2258601092311014
2001-12-21,3.621257969700117,-22.98380256460234,-28.042520868213852,6.097280248312648
2001-12-22,3.1429663539851687,-24.4730358437812,-28.254369082181576,5.2221487961863575
2001-12-23,4.633188018530462,-22.73280690036011,-28.192802018611257,5.212144486869523
2001-12-24,4.383194520431456,-21.37814936770413,-26.76889572592532,4.422940217315986
2001-12-25,3.5691184067675463,-21.863856327858954,-27.262398808047315,4.43691948135818
2001-12-26,5.08654831949928,-22.575666266346136,-26.23724182259871,4.1035339711191785
2001-12-27,5.7844453336459365,-22.935051740953696,-25.860427454850598,3.3823153494510203
2001-12-28,8.132147826999468,-22.241177812427956,-24.781155025333643,2.766409995393415
2001-12-29,8.384583629871527,-21.308944150772493,-25.411404124667484,4.206818836583336
2001-12-30,6.780765001847079,-23.36786503449774,-25.813258465988422,4.2247898234919266
2001-12-31,5.784831174297178,-22.85089558773696,-25.469773592756706,3.119971771332536
2002-01-01,5.251974285777126,-22.313030664065018,-23.88620223234399,1.5479019386676156
2002-01-02,3.5812767729013175,-21.63313997278841,-24.467679012371832,2.582813966589992
2002-01-03,3.2465297735744905,-21.18698255773601,-24.68441376381032,2.20591506627089
2002-01-04,2.880715126665563,-19.40647234824865,-26.18818635758562,0.8600527617627243
2002-01-05,1.9000525389397591,-20.53683828486117,-25.64041048807418,0.6975163641071799
2002-01-06,3.2003122087830267,-21.372977045962475,-25.13845204734551,1.428357680949929
2002-01-07,3.5769973146624494,-22.465171737202606,-25.869428830431573,1.3978556531812423
2002-01-08,2.8326993550819597,-21.573154763593443,-27.297984084032343,-0.1635523257628797
2002-01-09,2.0640874038390873,-21.99659723847256,-26.63839683751697,-1.3000827816073475
2002-01-10,-0.2596395235608524,-21.97959764867148,-26.00543597389991,-1.7624555689940247
2002-01-11,-1.2990427165350815,-20.988171517625613,-27.189470657095775,-3.122559616451089
2002-01-12,-2.49273842984901,-18.684881871259257,-25.712071019547864,-2.001882114862686
2002-01-13,-2.016024980878607,-19.125699302155006,-25.097217265775264,-2.3168001179878948
2002-01-14,-2.031391627724185,-19.548568497592026,-25.182457758505766,-4.250969771716459
2002-01-15,-1.4547813115636985,-19.505647434622247,-26.867512879834198,-5.040449598836502
2002-01-16,-0.14467465445547578,-18.995791507353314,-27.33132182305936,-4.522848082944429
2002-01-17,-0.5701132648394628,-19.37914016206836,-27.04704446699138,-4.080190792353554
2002-01-18,-1.5624475222555394,-18.938748105050475,-25.25947558428074,-5.254622959385427
2002-01-19,-1.9973226888189115,-19.32448575018822,-25.692536077984336,-5.313928323769001
2002-01-20,-1.7354366844257094,-18.652258708046457,-25.0007693127208,-2.273493388380619
2002-01-21,-1.2551795209804015,-19.258681968243813,-25.277741236211902,-2.3240415596528794
2002-01-22,-0.5009847665862845,-20.259807054635633,-23.2843963943368,-1.1317979168264163
2002-01-23,-1.6471428929949914,-18.49663956982241,-23.712768584138495,-0.2927329785016092
2002-01-24,-0.43704900997146967,-18.7456048277285,-23.3107333090799,-1.5704504037487657
2002-01-25,-1.3960408327504343,-20.625198552070266,-22.31899748180736,-0.007529902726189919
2002-01-26,-0.7909221449886665,-20.104837707180383,-21.657652866158013,-0.2948540244387216
2002-01-27,-0.9432942931402494,-19.42893515620382,-21.463652214918564,-0.7532391939734037
2002-01-28,-0.07927219477709524,-20.20474201809121,-23.45779174678542,-0.9286684885250427
2002-01-29,-1.136803235128038,-19.888602309941163,-23.070746176180624,-0.5703788571313566
2002-01-30,-3.314536394283361,-19.061904667277716,-23.09020726444431,-0.5807352587338085
2002-01-31,-1.7459585042472454,-19.80893146604021,-22.962404983903436,-0.6960868222521882
2002-02-01,-1.4820046717287827,-20.884975726479137,-23.457528799685228,0.43298821195396975
2002-02-02,-3.4267317643576645,-20.175406699132726,-23.479485936727933,-2.46888404806735
2002-02-03,-3.1665646195680015,-20.614841798644438,-22.781852934930967,-2.819740283626404
2002-02-04,-4.040718578053927,-19.130717422937682,-22.376688863046724,-3.1578238181492067
2002-02-05,-5.685114514787395,-17.219302300875075,-22.62947594607515,-2.452832878931211
2002-02-06,-6.6444136169795325,-16.771747168153567,-24.104623652678203,-1.1379355783312617
2002-02-07,-6.997213843906759,-17.23886826493668,-22.06613313129618,-1.562675720707817
2002-02-08,-10.390190261096787,-16.737055511325885,-22.740997627631693,-2.4467362354134776
2002-02-09,-9.278539650440011,-17.215990807523827,-22.404730696891612,-1.3088351659018918
2002-02-10,-7.94229518145978,-16.350542643810797,-23.457451122431284,-2.5221940929634536
2002-02-11,-6.739321023901407,-16.133653363255807,-25.277516716089675,-3.3290596927693414
2002-02-12,-5.796361158538616,-14.764589455564268,-24.15788157022437,-3.471820218759354
2002-02-13,-5.275735183775457,-15.611923314223924,-24.509197631223742,-4.839238373247375
2002-02-14,-4.928738896180228,-15.81402494040273,-25.26390842179676,-4.23654760249681
2002-02-15,-5.331151468742661,-16.798199172586457,-26.435344182295918,-4.043904807805697
2002-02-16,-5.679989810976978,-16.755594875709168,-26.532272944442685,-5.7893628556507055
2002-02-17,-5.044188200653632,-17.70720530408985,-26.79143596253256,-5.24253059723824
2002-02-18,-5.5754718461053585,-18.469671710558863,-25.421732768710886,-4.897043756385948
2002-02-19,-6.010654093151754,-19.345531052288344,-26.472651620484726,-4.5354926084379885
2002-02-20,-5.9877041016380295,-19.453690901388732,-24.593536707543095,-4.443995066232266
2002-02-21,-5.246827999332753,-17.99772580137929,-22.795639804569266,-5.608719559182113
2002-02-22,-4.431278123777485,-18.06594925801311,-21.213552895395463,-5.628426315663379
2002-02-23,-4.377930310080596,-18.118541406460444,-22.481595066902862,-4.460187569810331
2002-02-24,-4.887020196864137,-18.15137660142565,-22.47334058814665,-3.664396300552384
2002-02-25,-4.642238241836576,-19.095667177939006,-22.073375058972275,-3.358224883533057
2002-02-26,-3.185147149376073,-19.853111941190193,-22.805565296317553,-4.421208773141326
2002-02-27,-3.6436647726588434,-18.357896368396702,-23.47636925314857,-4.245844625189177
2002-02-28,-5.576681142796848,-19.518362152229468,-21.780524108701627,-5.418799063051724
2002-03-01,-5.143756019866526,-18.685255168486304,-20.79446881638929,-7.303370895457043
2002-03-02,-4.812786947567365,-17.97967986631081,-20.743879488718665,-8.450554023588358
2002-03-03,-4.843751436514249,-18.539430744188525,-21.95434793711134,-8.961379806775613
2002-03-04,-6.122958430071422,-20.9477221872371,-21.46278153692691,-9.232983618125614
2002-03-05,-6.409687945572291,-19.07047154665646,-22.287152081137155,-11.029484281417332
2002-03-06,-5.943315530147301,-17.36496365978489,-21.47310206553894,-12.8572160183923
2002-03-07,-4.524301639032549,-17.93765806322681,-22.123518576934785,-13.70549448462807
2002-03-08,-5.469186199440388,-18.547123387588844,-21.081634558045707,-14.530633217222492
2002-03-09,-4.962214402475462,-19.141260655203798,-21.781978413038217,-14.109871983851487
2002-03-10,-6.31030287464469,-21.64758651552168,-21.005192183061265,-13.343651680229454
2002-03-11,-6.895122687515995,-21.176425193508233,-18.705823720904647,-14.759696774822578
2002-03-12,-8.576578781961413,-22.662948249223497,-18.03933299335265,-14.203596553497913
2002-03-13,-6.431731838538631,-21.8404569976727,-16.44910054304393,-13.368530880820597
2002-03-14,-6.136070712623123,-21.509585188837217,-15.747253804754372,-13.488910311707976
2002-03-15,-7.463563334812559,-19.308955935998085,-16.970597578980357,-13.385700435048514
2002-03-16,-6.558631808759284,-18.607438843483173,-18.8409304819552,-14.985463168153204
2002-03-17,-5.773629742558234,-17.53175204010514,-18.969208257575946,-14.868138694229193
2002-03-18,-4.38777695326581,-16.507041911257375,-19.453193198564573,-14.664381707422635
2002-03-19,-3.3969701918116573,-16.874921137213242,-18.365811251548767,-14.806348856748789
2002-03-20,-4.213695449680308,-16.852130570060414,-19.874902086588218,-14.585769224190472
2002-03-21,-4.307162903951069,-16.434884153828587,-21.561164396538164,-15.055790969574366
2002-03-22,-3.8766561267045656,-17.670081700316295,-21.210688358253172,-13.923304416221285
2002-03-23,-4.61997060016034,-17.43651396696789,-21.213214543387455,-12.817446346738627
2002-03-24,-3.717487124912412,-16.55743261845581,-21.0763742346821,-13.54959848141883
2002-03-25,-2.011427050716819,-15.562461802938648,-20.40784901797424,-14.01308951287851
2002-03-26,-3.294534642081515,-15.230949805397925,-19.44198152583029,-13.842014854730904
2002-03-27,-3.592263126613391,-15.01921846681869,-17.74322098218599,-13.691180447406037
2002-03-28,-2.518729389121639,-14.435867786623925,-18.005125990777735,-15.267837342468717
2002-03-29,-1.7579711106300455,-13.66038355166446,-19.031293598392036,-16.183982870482154
2002-03-30,-3.113491366542303,-14.55613961667676,-19.897330538184114,-15.29049951955498
2002-03-31,-2.0551535265408187,-14.566159122068877,-20.135085326570604,-16.83519225354785
2002-04-01,-2.817854833004906,-16.302508167759505,-18.83557632699639,-16.773266744315784
2002-04-02,-2.054774490835158,-17.80304717518944,-18.043393574980087,-15.800323136231405
2002-04-03,0.30527021040373636,-17.029466804181137,-18.041283982037502,-16.63361270157325
2002-04-04,-0.36066538172923,-16.72093595806806,-15.607296108021771,-16.293847058512107
2002-04-05,-0.7824360473155141,-18.363127399586144,-15.567294198493707,-16.415051200628696
2002-04-06,-1.5086252806801093,-18.752597175262775,-15.636695223346477,-17.462357958815645
2002-04-07,-1.9969526422672532,-18.313664193767774,-16.011603808111325,-17.74641698355799
2002-04-08,-2.487186665576158,-18.824853785315923,-16.247331388920376,-17.065703280616475
2002-04-09,-2.364323624303176,-18.89566340174557,-14.192720591618876,-18.758010621355652
2002-04-10,-3.525163758339523,-20.119202930159947,-14.17167871755977,-20.131810445079953
2002-04-11,-3.6431931925297327,-19.449600237285303,-15.899868153777724,-20.797797965756942
2002-04-12,-4.26888966216809,-18.29528008964176,-14.903338643014616,-20.196240427852707
2002-04-13,-3.32219621593943,-18.330935047099306,-16.997228416933435,-22.184510113083164
2002-04-14,-3.857577681496455,-19.213072669988513,-16.423745126770235,-22.092196115210253
2002-04-15,-3.5465836447038503,-18.064675637134833,-16.101172813473813,-23.92136286132261
2002-04-16,-2.150999374632442,-19.258737585166283,-15.023768097175434,-23.930452998827807
2002-04-17,-2.6926696583170515,-19.137369145606105,-15.112828172480944,-23.738703968407666
2002-04-18,-2.6229007284246224,-19.757141750574746,-15.68506584820896,-24.633934140677464
2002-04-19,-3.4978684996784537,-20.009529558701157,-14.70421337259982,-25.365370217545664
2002-04-20,-2.4104061328804107,-20.508343385145764,-14.964945840503916,-26.5451319360757
2002-04-21,-3.425281970793344,-18.775988870913043,-14.857541190820275,-28.174964596489506
2002-04-22,-3.9833062971534012,-17.661539861709585,-16.285661239164124,-28.56426857684843
2002-04-23,-5.918724557201653,-18.18695327540046,-16.466963934658715,-26.776900765800555
2002-04-24,-4.251519321762641,-18.41753991353792,-17.536527797823133,-28.03503419428693
2002-04-25,-2.767222359969787,-18.66819766216119,-18.46607825893372,-29.246759868856365
2002-04-26,-3.0314141486335466,-20.06904505337993,-18.519759333722163,-29.38608813264145
2002-04-27,-4.876154568878087,-20.14198531726256,-18.457058946164768,-29.618767103271356
2002-04-28,-2.8056225259340453,-21.088298152087468,-18.799436214990347,-30.269529314819735
2002-04-29,-2.8563123282381166,-21.850548249062626,-18.460795127018194,-30.357950031784426
2002-04-30,-2.270697471641747,-23.598464968286137,-18.726786918304796,-30.971234771177564
2002-05-01,-2.593014422274009,-22.432906789219192,-19.014026261342288,-29.42396147157393
2002-05-02,-4.288585055987071,-22.937096637680625,-19.465840974984538,-30.25873631020758
2002-05-03,-2.874225736238289,-23.50934286012151,-19.813554008334613,-29.587315784931864
2002-05-04,-1.586765303875489,-23.56828269057768,-18.889400875751495,-29.71145446488076
2002-05-05,-1.9652317379953466,-24.852257585636373,-18.85100471896537,-28.65925415103797
2002-05-06,-4.727805907449876,-25.29470847357745,-18.92537275141869,-28.90406225408589
2002-05-07,-4.665784558543059,-26.276941559921806,-19.731881784812128,-29.504695857730432
2002-05-08,-4.720022791984457,-26.919170853696873,-21.253143842821444,-30.98137105020468
2002-05-09,-5.442789394482019,-27.31323510156336,-20.619463314985115,-31.66344157256983
2002-05-10,-6.3536777874704695,-27.173663554049057,-20.747112618155807,-29.780317287235754
2002-05-11,-7.305043184475229,-26.240651665883643,-19.308412924251126,-31.824166255608123
2002-05-12,-7.610207563423816,-24.897416972862185,-18.084731067428695,-32.78088453441412
2002-05-13,-7.018134305386146,-26.603344129980027,-18.512031162846743,-32.87682268493468
2002-05-14,-7.07456494903942,-28.05014539639681,-18.81808136018605,-32.79615912846615
2002-05-15,-7.42319081079243,-27.536672280836072,-19.137051720352872,-34.342400866757735
2002-05-16,-5.874641024002357,-27.010467960264375,-18.724724558653232,-31.892396115865402
2002-05-17,-3.8488597546235725,-25.395813908387026,-20.281087087372992,-32.969993749490214
2002-05-18,-3.7845676374236623,-26.406982491792174,-19.602432357528997,-33.791075196598555
2002-05-19,-3.0170802849085194,-27.710790403025975,-19.0728462483535,-32.871324949542
2002-05-20,-4.549710280136434,-26.926005585118094,-18.324656448517022,-32.651645430997
2002-05-21,-5.790775502348661,-28.120517196593358,-18.33887130100383,-33.20012019333563
2002-05-22,-7.468427884156486,-28.158379632177734,-17.88069507970136,-32.3978556003539
2002-05-23,-8.347685861063049,-28.35903861962785,-16.64361075799181,-33.66759138754647
2002-05-24,-7.43259920373056,-28.519723923944824,-16.13419528382113,-34.79392547372108
2002-05-25,-8.876064609108159,-28.634947927163314,-18.364572291584427,-34.19382727541007
2002-05-26,-7.190030956493441,-28.970482994158687,-18.4794026521834,-35.609730218143326
2002-05-27,-7.714801650051864,-29.782379029259207,-18.3383076493743,-35.30622962457704
2002-05-28,-8.079859313680466,-30.163037077931563,-17.351929550244208,-34.723319150824366
2002-05-29,-7.104919773204375,-27.921740248778786,-16.432045132316116,-35.73311347019696
2002-05-30,-8.802080325226123,-29.03418132884794,-16.635107744199843,-34.47842645092103
2002-05-31,-9.765763154236936,-28.29905225150987,-15.832922848959885,-35.050524445736556
2002-06-01,-11.32339125876477,-29.483582754251415,-17.382851904897546,-34.71875151850985
2002-06-02,-11.589270527709209,-29.23985350285658,-16.807206725144354,-35.08194073194214
2002-06-03,-12.574142150180927,-28.85695375225416,-15.665283990474412,-34.920317804284714
2002-06-04,-12.667038793132795,-27.740511933149435,-15.949872988392745,-35.31698207177152
2002-06-05,-12.393413229009097,-27.454301097164667,-14.960631687247792,-35.6393610239759
2002-06-06,-12.446334327739187,-27.91747037794387,-15.550352704334621,-34.21210733465656
2002-06-07,-12.421930423840067,-27.64350698078481,-16.556676486271744,-34.58312949198836
2002-06-08,-12.285952898252246,-28.864728448194615,-17.378010478014087,-33.49342423964968
2002-06-09,-12.733111063797521,-27.32130862208962,-16.958638135814795,-36.08322977991033
2002-06-10,-10.95815838279111,-26.283154537222348,-16.412018229908718,-36.43932250203387
2002-06-11,-11.174284981887384,-25.2235755290507,-17.22207693226865,-36.13575355269747
2002-06-12,-11.380858756955398,-23.934580192872694,-17.099444982435895,-36.29512567431374
2002-06-13,-11.081589321483923,-23.792266561338973,-16.248530727392097,-37.39761553106437
2002-06-14,-12.633233808817556,-23.032866190855152,-16.310994200551065,-37.91431114355751
2002-06-15,-13.661767581839905,-23.509451381521593,-17.362713512392943,-35.839488883102554
2002-06-16,-12.879175813993633,-24.19385051810351,-18.408266706845474,-35.6666953036677
2002-06-17,-10.996968150477977,-22.7943082875511,-21.347070440654218,-37.211067560934985
2002-06-18,-8.731284706462304,-23.77222689362635,-21.783180720203852,-36.404039303901605
2002-06-19,-10.47388542881749,-23.932088058983425,-22.590109992760357,-37.644377223581635
2002-06-20,-8.279404946547741,-22.838941800555908,-22.237889824148414,-38.45978348734924
2002-06-21,-8.657119227849483,-22.86909074913842,-21.737558719508286,-38.81754180833058
2002-06-22,-9.135597203095013,-22.706626031893514,-20.954991874755407,-37.799916421640624
2002-06-23,-9.923944889259795,-23.73715827613198,-20.85703662491834,-37.79262485306948
2002-06-24,-9.873055549764432,-23.815598672081958,-20.517564944125496,-38.71562725163354
2002-06-25,-10.011003111292345,-23.842510033428628,-21.333895957417,-37.339062763898745
2002-06-26,-8.07769938976209,-25.56593721849844,-21.74661341476104,-37.88730582151236
2002-06-27,-8.173133240796245,-25.202262346075013,-22.251749988793232,-37.47252725239708
2002-06-28,-7.9172459791497,-26.661653999066008,-21.721710795679016,-36.77741079050059
2002-06-29,-7.132016266661706,-26.183740081410274,-21.39503804019371,-36.3630025137438
2002-06-30,-5.985723940818343,-25.259726196298455,-21.827100872680756,-36.54340665417036
2002-07-01,-6.040820005726619,-25.754297622300534,-21.500470776353968,-37.40692348773905
2002-07-02,-6.5801777005163435,-25.104407796683837,-20.040932811110643,-37.953741856528495
2002-07-03,-7.467222602173407,-23.610087176845067,-22.395095462182592,-38.6287884964361
2002-07-04,-7.352523976641786,-22.813812960499202,-22.872815789387136,-39.29781924004547
2002-07-05,-7.716694490606804,-23.480593731256455,-20.171335932143084,-40.0714191646558
2002-07-06,-9.10368169852367,-23.849891455394605,-20.21638292688334,-39.52272221503289
2002-07-07,-8.378491768797105,-22.527520278960754,-20.375446387508088,-39.633736989312105
2002-07-08,-6.884165001366194,-21.80833335960849,-19.333261689936247,-39.07185262452395
2002-07-09,-6.102792494688135,-22.575499839497464,-19.175925008005443,-38.205260574171085
2002-07-10,-7.106073314076731,-20.179223343022297,-20.054206595646896,-37.667364206863766
2002-07-11,-8.291724294149448,-19.529084907663055,-17.77320145097336,-37.448298321305195
2002-07-12,-8.914238713579822,-18.916304343801706,-18.033513227640068,-36.81435314642394
2002-07-13,-8.22333813384397,-18.87505168860839,-18.59179718928124,-35.51090366851201
2002-07-14,-7.647086143228608,-18.88115136993106,-18.634106080539244,-35.71039321844535
2002-07-15,-7.421158221443513,-18.654447605266732,-18.874062070964904,-35.66716446471213
2002-07-16,-8.385826322105345,-18.39892975825205,-17.819429175776996,-38.23259142644565
2002-07-17,-8.441777092520066,-17.667227539853517,-17.550087557564403,-38.063306042413274
2002-07-18,-8.30290184430615,-18.471014202550965,-18.85253784607699,-37.08618753669264
2002-07-19,-6.713421923426052,-19.143939074530575,-19.717416258942862,-35.884616762052886
2002-07-20,-6.425152555194452,-20.981326073359487,-21.319068503999127,-36.271259896312074
2002-07-21,-6.624169859366462,-21.001742082946663,-22.59613909703947,-35.62969818856457
2002-07-22,-6.372434978841636,-19.742344281795067,-22.835269042140112,-36.20577414484357
2002-07-23,-4.841337828253281,-19.160909651331345,-23.48757695837145,-36.406179384411246
2002-07-24,-5.7272628385688,-18.616606250824464,-23.021410067989756,-36.91871790238967
2002-07-25,-5.038958431497223,-17.92485227882724,-24.569990257732393,-37.21573433770311
2002-07-26,-5.717769123829532,-16.06649790582824,-23.67778168940165,-36.707034448662306
2002-07-27,-6.576336383197319,-14.26477294625515,-22.21165324494272,-37.55764801610866
2002-07-28,-5.958621154190502,-13.536752586340706,-22.116741135134735,-39.08989155112626
2002-07-29,-6.279952664073006,-13.850859207287408,-24.902710019518107,-38.92977127407159
2002-07-30,-6.437495426622444,-13.556562793453335,-24.9438930244902,-40.60998857748719
2002-07-31,-5.613740583628748,-14.475039624383285,-26.0870207290278,-40.944620794363196
2002-08-01,-6.227790072245581,-13.5889150539336,-26.081274680044796,-39.242520309909544
2002-08-02,-6.015009018989617,-15.200886658698883,-26.21940185328435,-36.28198519795238
2002-08-03,-6.310231562963126,-13.897118698728681,-26.326482044380693,-36.95803358139404
2002-08-04,-6.2193956168121485,-14.988969877881141,-25.28185653501242,-37.146345350022436
2002-08-05,-5.965901800525547,-15.698810887614037,-26.10960872239101,-37.2200046922448
2002-08-06,-5.4555434031668,-15.017915659835486,-25.88429853492214,-36.37820555480497
2002-08-07,-7.1136834171095895,-13.44397504227717,-26.01920866440383,-36.28653808313631
2002-08-08,-7.130463900119533,-13.942910847055787,-25.310096587560633,-36.34164572828378
2002-08-09,-7.971474714014717,-14.918037379631551,-23.176168888847137,-35.458967841265284
2002-08-10,-7.972129377141241,-13.869007274053548,-22.878632254208842,-35.67813011003444
2002-08-11,-8.288636620725432,-12.824799267472162,-22.29885217570085,-34.42840544329985
2002-08-12,-9.498484222884818,-12.941510329394575,-22.958376088398353,-34.74900855564696
2002-08-13,-8.929676749432781,-13.056292491293004,-23.608419893430295,-33.87271619114803
2002-08-14,-6.425837870993141,-12.302169929096369,-24.431065228618735,-33.31848340618102
2002-08-15,-5.863009768993163,-12.279411168705758,-24.746469607764855,-34.47328464247793
2002-08-16,-5.683761847492786,-12.061433846502235,-25.18903211605907,-34.08837311924116
2002-08-17,-5.222412866123554,-12.583326094926528,-24.84596123226747,-33.383494653778364
2002-08-18,-5.1629769400925785,-12.358215438694485,-25.33665721737854,-33.502778973164645
2002-08-19,-4.245757714059292,-10.592889659490755,-25.54297483020578,-32.66563920554798
2002-08-20,-4.84437026052003,-8.50604987089712,-25.504808429499523,-33.4308877275451
2002-08-21,-4.452780516022895,-8.042277577698894,-24.453260573380255,-34.04599381777657
2002-08-22,-3.3495454082136646,-6.550000312409541,-23.22926788588854,-33.9205796053591
2002-08-23,-3.223077711990411,-5.475237501558728,-21.817063472407458,-34.054229320856955
2002-08-24,-2.8924279821997216,-4.980936564110561,-24.271775593789833,-36.27214659933087
2002-08-25,-1.6155618119528583,-5.111141966109816,-23.39533359320141,-35.56284849934417
2002-08-26,-1.1357341966993473,-5.7884468674193155,-23.154902885273867,-35.880923594854906
2002-08-27,1.334054154958947,-6.287715921546448,-22.128692817949023,-35.68393811468887
2002-08-28,1.674101665107238,-6.9527097893779155,-20.929679425607596,-34.48997032434002
2002-08-29,1.3454519985272453,-6.898869852954015,-22.668540522559546,-33.79561843315664
2002-08-30,3.338471257619486,-6.590816901569191,-23.555901395265295,-34.90055089021224
2002-08-31,3.1334904171291575,-6.506287079524075,-23.879972148632618,-35.63361351848802
2002-09-01,2.9702286273474683,-4.075119563274718,-24.395951614294425,-36.06503049534662
2002-09-02,4.328384533861459,-4.520317705893335,-24.07882210384218,-37.582158866700084
2002-09-03,3.219792568100865,-4.705502358606725,-21.776632784000537,-38.29554736166641
2002-09-04,2.448736734283338,-4.0988246369713,-19.245156957471035,-36.89352337909939
2002-09-05,1.8279554373574176,-2.796067485688112,-19.20424852002367,-36.46199855001157
2002-09-06,1.8488116591253658,-1.889274764793075,-16.919463202525915,-38.28120962131524
2002-09-07,1.789173736886832,-2.2333119141463293,-17.323967572386376,-40.09812464649811
2002-09-08,0.6704345305325574,-2.4764435411288472,-17.22901865394313,-38.80680345985185
2002-09-09,1.0557033139502494,-1.9338333193324955,-18.070405359547376,-37.71387255848745
2002-09-10,1.5556010012567896,-0.20693000855293286,-16.848262616829523,-38.56741992393219
2002-09-11,0.568979429261819,-2.547868690665713,-17.588279546651048,-38.645241158635784
2002-09-12,-0.9956083110459454,-2.2808786880896346,-16.295164816898954,-40.54485244436164
2002-09-13,-0.9988506938698891,-2.7805104660886766,-14.403937292939496,-39.31993734757417
2002-09-14,0.4208909234946081,-2.0269103047334123,-12.051724096307602,-39.06620663984496
2002-09-15,1.194597825701619,-4.068447737701074,-12.111341608167754,-39.302314329999916
2002-09-16,2.4714682095048026,-3.8548889942823767,-11.214340769210711,-38.158780788739634
2002-09-17,2.7650542711199164,-4.591974152045359,-12.038520593827908,-36.68968157996135
2002-09-18,2.5765296250188903,-4.418284940716334,-11.613191272431145,-35.56278325769112
2002-09-19,1.1685374478330535,-5.384883309563044,-11.094607913387618,-34.71070318265594
2002-09-20,2.0884723776006147,-5.7429339514532085,-14.210351313538872,-35.35682025559543
2002-09-21,1.005141392288659,-5.211630066553876,-12.553930076623718,-35.932117253632704
2002-09-22,0.6091974179185629,-4.166346736325725,-14.169089680282204,-36.21481614275624
2002-09-23,2.087725417730275,-3.6908087612246225,-15.629518270684741,-37.57861902945602
2002-09-24,2.589482406901455,-3.5263692675845895,-15.234270360895023,-37.034482302105246
2002-09-25,2.1848135842175744,-5.12883804047598,-16.12201865712107,-37.657958335134346
2002-09-26,0.17030972611231698,-7.585545155597671,-16.5687542985764,-37.806728571263534
